{
  "cins_last_fetch": 1778604299.8133595,
  "abuseipdb_last_fetch": 1778604327.9703028
}