{
  "cins_last_fetch": 1778630655.6925426,
  "abuseipdb_last_fetch": 1778604327.9703028
}