{
  "cins_last_fetch": 1778477066.2338278,
  "abuseipdb_last_fetch": 1778477066.4533706
}