{
  "cins_last_fetch": 1778772230.878098,
  "abuseipdb_last_fetch": 1778781488.42373
}