{
  "cins_last_fetch": 1778799677.5870328,
  "abuseipdb_last_fetch": 1778781488.42373
}