{
  "cins_last_fetch": 1778474734.6859052,
  "abuseipdb_last_fetch": 1778474735.1109483
}