{
  "cins_last_fetch": 1778717140.3172028,
  "abuseipdb_last_fetch": 1778689455.448949
}