{
  "cins_last_fetch": 1778689427.8297803,
  "abuseipdb_last_fetch": 1778689455.448949
}