{
  "cins_last_fetch": 1778658817.773981,
  "abuseipdb_last_fetch": 1778604327.9703028
}