{
  "cins_last_fetch": 1778744776.960115,
  "abuseipdb_last_fetch": 1778689455.448949
}